<?xml version="1.0" encoding="UTF-8"?><RootTag>
<Elem Order="0">C:\Program Files (x86)\Gateway\Gateway TouchPortal\YouCam\EffectScript\Amazed\02astonish1.cfd</Elem>
<Elem Order="1">C:\Program Files (x86)\Gateway\Gateway TouchPortal\YouCam\EffectScript\Astonished\03astonish2.cfd</Elem>
<Elem Order="2">C:\Program Files (x86)\Gateway\Gateway TouchPortal\YouCam\EffectScript\BAM\20BAM.cfd</Elem>
<Elem Order="3">C:\Program Files (x86)\Gateway\Gateway TouchPortal\YouCam\EffectScript\Bored\06bird.cfd</Elem>
<Elem Order="4">C:\Program Files (x86)\Gateway\Gateway TouchPortal\YouCam\EffectScript\Celebration\09con2.cfd</Elem>
<Elem Order="5">C:\Program Files (x86)\Gateway\Gateway TouchPortal\YouCam\EffectScript\confusion\confusion.cfd</Elem>
<Elem Order="6">C:\Program Files (x86)\Gateway\Gateway TouchPortal\YouCam\EffectScript\Congratulations\08con1.cfd</Elem>
<Elem Order="7">C:\Program Files (x86)\Gateway\Gateway TouchPortal\YouCam\EffectScript\Depressed\16shadow.cfd</Elem>
<Elem Order="8">C:\Program Files (x86)\Gateway\Gateway TouchPortal\YouCam\EffectScript\Good\11good.cfd</Elem>
<Elem Order="9">C:\Program Files (x86)\Gateway\Gateway TouchPortal\YouCam\EffectScript\HAHA\25HAHA.cfd</Elem>
<Elem Order="10">C:\Program Files (x86)\Gateway\Gateway TouchPortal\YouCam\EffectScript\happy\12happy.cfd</Elem>
<Elem Order="11">C:\Program Files (x86)\Gateway\Gateway TouchPortal\YouCam\EffectScript\headache\13headache.cfd</Elem>
<Elem Order="12">C:\Program Files (x86)\Gateway\Gateway TouchPortal\YouCam\EffectScript\Idea\07bulb.cfd</Elem>
<Elem Order="13">C:\Program Files (x86)\Gateway\Gateway TouchPortal\YouCam\EffectScript\idea_b\idea_b.cfd</Elem>
<Elem Order="14">C:\Program Files (x86)\Gateway\Gateway TouchPortal\YouCam\EffectScript\Kiss\14kiss.cfd</Elem>
<Elem Order="15">C:\Program Files (x86)\Gateway\Gateway TouchPortal\YouCam\EffectScript\Nervous\19sweat.cfd</Elem>
<Elem Order="16">C:\Program Files (x86)\Gateway\Gateway TouchPortal\YouCam\EffectScript\no\15no.cfd</Elem>
<Elem Order="17">C:\Program Files (x86)\Gateway\Gateway TouchPortal\YouCam\EffectScript\Pow\05bang.cfd</Elem>
<Elem Order="18">C:\Program Files (x86)\Gateway\Gateway TouchPortal\YouCam\EffectScript\shock_\shock.cfd</Elem>
<Elem Order="19">C:\Program Files (x86)\Gateway\Gateway TouchPortal\YouCam\EffectScript\Shocked\17shock.cfd</Elem>
<Elem Order="20">C:\Program Files (x86)\Gateway\Gateway TouchPortal\YouCam\EffectScript\slient\silent.cfd</Elem>
<Elem Order="21">C:\Program Files (x86)\Gateway\Gateway TouchPortal\YouCam\EffectScript\Tired\18sleep.cfd</Elem>
<Elem Order="22">C:\Program Files (x86)\Gateway\Gateway TouchPortal\YouCam\EffectScript\WOW\21WOW.cfd</Elem>
<Elem Order="23">C:\Program Files (x86)\Gateway\Gateway TouchPortal\YouCam\EffectScript\YEAH\YEAH.cfd</Elem>
</RootTag>