<?xml version="1.0" encoding="UTF-8"?><RootTag>
<Elem Order="0">C:\Program Files (x86)\Gateway\Gateway TouchPortal\YouCam\EffectScript\BlackAndWhite\BlackNWhite.cfd</Elem>
<Elem Order="1">C:\Program Files (x86)\Gateway\Gateway TouchPortal\YouCam\EffectScript\Bubbles\bubble.cfd</Elem>
<Elem Order="2">C:\Program Files (x86)\Gateway\Gateway TouchPortal\YouCam\EffectScript\Bumpmap\bumpmap.cfd</Elem>
<Elem Order="3">C:\Program Files (x86)\Gateway\Gateway TouchPortal\YouCam\EffectScript\Dandelions2_EdgeDetect\dandelion_EdgeDetect.cfd</Elem>
<Elem Order="4">C:\Program Files (x86)\Gateway\Gateway TouchPortal\YouCam\EffectScript\Leaves_EdgeDetect\dandelion_EdgeDetect.cfd</Elem>
<Elem Order="5">C:\Program Files (x86)\Gateway\Gateway TouchPortal\YouCam\EffectScript\Emboss\Emboss.cfd</Elem>
<Elem Order="6">C:\Program Files (x86)\Gateway\Gateway TouchPortal\YouCam\EffectScript\Glass\Glass.cfd</Elem>
<Elem Order="7">C:\Program Files (x86)\Gateway\Gateway TouchPortal\YouCam\EffectScript\Mosaic\Mosaic.cfd</Elem>
<Elem Order="8">C:\Program Files (x86)\Gateway\Gateway TouchPortal\YouCam\EffectScript\Mosaic_Track\Mosaic_Track.cfd</Elem>
<Elem Order="9">C:\Program Files (x86)\Gateway\Gateway TouchPortal\YouCam\EffectScript\Snow2\Snow2.cfd</Elem>
<Elem Order="10">C:\Program Files (x86)\Gateway\Gateway TouchPortal\YouCam\EffectScript\X-Ray\XRay.cfd</Elem>
</RootTag>