<?xml version="1.0" encoding="UTF-8"?><RootTag>
<Elem Order="0">C:\Program Files (x86)\Gateway\Gateway TouchPortal\YouCam\Gadget\anim_bat_Small\anim_bat_Small.gdt</Elem>
<Elem Order="1">C:\Program Files (x86)\Gateway\Gateway TouchPortal\YouCam\Gadget\anim_fight_Small\anim_fight_Small.gdt</Elem>
<Elem Order="2">C:\Program Files (x86)\Gateway\Gateway TouchPortal\YouCam\Gadget\Ch_Opera_Mask\Ch_Opera_Mask.gdt</Elem>
<Elem Order="3">C:\Program Files (x86)\Gateway\Gateway TouchPortal\YouCam\Gadget\chinese_opera\chinese_opera.gdt</Elem>
<Elem Order="4">C:\Program Files (x86)\Gateway\Gateway TouchPortal\YouCam\Gadget\YouCam_Cloud\Cloud_Effect_Track.gdt</Elem>
<Elem Order="5">C:\Program Files (x86)\Gateway\Gateway TouchPortal\YouCam\Gadget\Dizzy_Small\Dizzy_Small.gdt</Elem>
<Elem Order="6">C:\Program Files (x86)\Gateway\Gateway TouchPortal\YouCam\Gadget\Drunken\Drunken.gdt</Elem>
<Elem Order="7">C:\Program Files (x86)\Gateway\Gateway TouchPortal\YouCam\Gadget\YouCam_FireHuge\Fire_Effect_Huge_Track.gdt</Elem>
<Elem Order="8">C:\Program Files (x86)\Gateway\Gateway TouchPortal\YouCam\Gadget\YouCam_Fire\Fire_Track.gdt</Elem>
<Elem Order="9">C:\Program Files (x86)\Gateway\Gateway TouchPortal\YouCam\Gadget\gas_mask\gas_mask.gdt</Elem>
<Elem Order="10">C:\Program Files (x86)\Gateway\Gateway TouchPortal\YouCam\Gadget\hat_birthday\hat_birthday.gdt</Elem>
<Elem Order="11">C:\Program Files (x86)\Gateway\Gateway TouchPortal\YouCam\Gadget\hat_cap\hat_cap.gdt</Elem>
<Elem Order="12">C:\Program Files (x86)\Gateway\Gateway TouchPortal\YouCam\Gadget\hat_celebrate\hat_celebrate.gdt</Elem>
<Elem Order="13">C:\Program Files (x86)\Gateway\Gateway TouchPortal\YouCam\Gadget\hat_cowboy\hat_cowboy.gdt</Elem>
<Elem Order="14">C:\Program Files (x86)\Gateway\Gateway TouchPortal\YouCam\Gadget\hat_crown\hat_crown.gdt</Elem>
<Elem Order="15">C:\Program Files (x86)\Gateway\Gateway TouchPortal\YouCam\Gadget\hat_graduate\hat_graduate.gdt</Elem>
<Elem Order="16">C:\Program Files (x86)\Gateway\Gateway TouchPortal\YouCam\Gadget\hat_helmet\hat_helmet.gdt</Elem>
<Elem Order="17">C:\Program Files (x86)\Gateway\Gateway TouchPortal\YouCam\Gadget\hat_horns\hat_horns.gdt</Elem>
<Elem Order="18">C:\Program Files (x86)\Gateway\Gateway TouchPortal\YouCam\Gadget\hat_india\hat_india.gdt</Elem>
<Elem Order="19">C:\Program Files (x86)\Gateway\Gateway TouchPortal\YouCam\Gadget\hat_mouse\hat_mouse.gdt</Elem>
<Elem Order="20">C:\Program Files (x86)\Gateway\Gateway TouchPortal\YouCam\Gadget\hat_nurse\hat_nurse.gdt</Elem>
<Elem Order="21">C:\Program Files (x86)\Gateway\Gateway TouchPortal\YouCam\Gadget\hat_watermelon\hat_watermelon.gdt</Elem>
<Elem Order="22">C:\Program Files (x86)\Gateway\Gateway TouchPortal\YouCam\Gadget\YouCam_MagicStar\MagicStar_Track.gdt</Elem>
<Elem Order="23">C:\Program Files (x86)\Gateway\Gateway TouchPortal\YouCam\Gadget\mask_cucumber\mask_cucumber.gdt</Elem>
<Elem Order="24">C:\Program Files (x86)\Gateway\Gateway TouchPortal\YouCam\Gadget\mask_fake\mask_fake.gdt</Elem>
<Elem Order="25">C:\Program Files (x86)\Gateway\Gateway TouchPortal\YouCam\Gadget\HandSmile_Mask\mask_HandSmile.gdt</Elem>
<Elem Order="26">C:\Program Files (x86)\Gateway\Gateway TouchPortal\YouCam\Gadget\YouCam_SmokeLite\smoke_Lite_Track.gdt</Elem>
</RootTag>