<?xml version="1.0" encoding="UTF-8"?><RootTag>
<Elem Order="0">C:\Program Files (x86)\Gateway\Gateway TouchPortal\YouCam\EffectScript\DoubleFishEye_MDist\DoubleFishEye_MDist.cfd</Elem>
<Elem Order="1">C:\Program Files (x86)\Gateway\Gateway TouchPortal\YouCam\EffectScript\FishEye_MDist\FishEye_MDist.cfd</Elem>
<Elem Order="2">C:\Program Files (x86)\Gateway\Gateway TouchPortal\YouCam\EffectScript\Indentation_MDist\Dent_MDist.cfd</Elem>
<Elem Order="3">C:\Program Files (x86)\Gateway\Gateway TouchPortal\YouCam\EffectScript\Laser_MDist\Laser_MDist.cfd</Elem>
<Elem Order="4">C:\Program Files (x86)\Gateway\Gateway TouchPortal\YouCam\EffectScript\Mirror_MDist\Mirror_MDist.cfd</Elem>
<Elem Order="5">C:\Program Files (x86)\Gateway\Gateway TouchPortal\YouCam\EffectScript\Spiral_Lite_MDist\Drain_MDist.cfd</Elem>
<Elem Order="6">C:\Program Files (x86)\Gateway\Gateway TouchPortal\YouCam\EffectScript\Square_MDist\Square_MDist.cfd</Elem>
<Elem Order="7">C:\Program Files (x86)\Gateway\Gateway TouchPortal\YouCam\EffectScript\Squeeze_MDist\Squeeze_MDist.cfd</Elem>
<Elem Order="8">C:\Program Files (x86)\Gateway\Gateway TouchPortal\YouCam\EffectScript\Stretch_MDist\Stretch_MDist.cfd</Elem>
<Elem Order="9">C:\Program Files (x86)\Gateway\Gateway TouchPortal\YouCam\EffectScript\TriStretch_MDist\TriStretch_MDist.cfd</Elem>
<Elem Order="10">C:\Program Files (x86)\Gateway\Gateway TouchPortal\YouCam\EffectScript\TriStretchInverse_MDist\TriStretchInverse_MDist.cfd</Elem>
<Elem Order="11">C:\Program Files (x86)\Gateway\Gateway TouchPortal\YouCam\EffectScript\Wave_MDist\wave_MDist.cfd</Elem>
</RootTag>