<?xml version="1.0" encoding="UTF-8"?><RootTag>
<Elem Order="0">C:\Program Files (x86)\Gateway\Gateway TouchPortal\YouCam\EffectScript\BirthdayS5\Birthday.cfd</Elem>
<Elem Order="1">C:\Program Files (x86)\Gateway\Gateway TouchPortal\YouCam\EffectScript\Dandelions\dandelion.cfd</Elem>
<Elem Order="2">C:\Program Files (x86)\Gateway\Gateway TouchPortal\YouCam\EffectScript\LoveHeart\loveHeart.cfd</Elem>
<Elem Order="3">C:\Program Files (x86)\Gateway\Gateway TouchPortal\YouCam\EffectScript\Photo\Photo.cfd</Elem>
<Elem Order="4">C:\Program Files (x86)\Gateway\Gateway TouchPortal\YouCam\EffectScript\Present\Xmas12.cfd</Elem>
<Elem Order="5">C:\Program Files (x86)\Gateway\Gateway TouchPortal\YouCam\EffectScript\Record\Record.cfd</Elem>
<Elem Order="6">C:\Program Files (x86)\Gateway\Gateway TouchPortal\YouCam\EffectScript\Romance\Romance.cfd</Elem>
<Elem Order="7">C:\Program Files (x86)\Gateway\Gateway TouchPortal\YouCam\EffectScript\Romance6\Romance6.cfd</Elem>
<Elem Order="8">C:\Program Files (x86)\Gateway\Gateway TouchPortal\YouCam\EffectScript\TargetSight\targetSight.cfd</Elem>
<Elem Order="9">C:\Program Files (x86)\Gateway\Gateway TouchPortal\YouCam\EffectScript\Xmas12\Xmas12.cfd</Elem>
<Elem Order="10">C:\Program Files (x86)\Gateway\Gateway TouchPortal\YouCam\EffectScript\Xmax9\Xmas9.cfd</Elem>
</RootTag>