<?xml version="1.0" encoding="UTF-8"?><RootTag>
<Elem Order="0">C:\Program Files (x86)\Gateway\Gateway TouchPortal\YouCam\Avatar_Models\airman\airman.hdp</Elem>
<Elem Order="1">C:\Program Files (x86)\Gateway\Gateway TouchPortal\YouCam\Avatar_Models\lady\AvatarModel.hds</Elem>
<Elem Order="2">C:\Program Files (x86)\Gateway\Gateway TouchPortal\YouCam\Avatar_Models\sir\AvatarModel.hds</Elem>
<Elem Order="3">C:\Program Files (x86)\Gateway\Gateway TouchPortal\YouCam\Avatar_Models\bear\bear.hdp</Elem>
<Elem Order="4">C:\Program Files (x86)\Gateway\Gateway TouchPortal\YouCam\Avatar_Models\Bruce\Bruce.hdp</Elem>
<Elem Order="5">C:\Program Files (x86)\Gateway\Gateway TouchPortal\YouCam\Avatar_Models\Clown\clown.hdp</Elem>
<Elem Order="6">C:\Program Files (x86)\Gateway\Gateway TouchPortal\YouCam\Avatar_Models\dog_1\dog1.hdp</Elem>
<Elem Order="7">C:\Program Files (x86)\Gateway\Gateway TouchPortal\YouCam\Avatar_Models\dog_2\dog2.hdp</Elem>
<Elem Order="8">C:\Program Files (x86)\Gateway\Gateway TouchPortal\YouCam\Avatar_Models\lincoln\lincoln.hdp</Elem>
<Elem Order="9">C:\Program Files (x86)\Gateway\Gateway TouchPortal\YouCam\Avatar_Models\Lion\Lion.hdp</Elem>
<Elem Order="10">C:\Program Files (x86)\Gateway\Gateway TouchPortal\YouCam\Avatar_Models\Meg\Meg.hdp</Elem>
<Elem Order="11">C:\Program Files (x86)\Gateway\Gateway TouchPortal\YouCam\Avatar_Models\Monkey\Monkey.hdp</Elem>
<Elem Order="12">C:\Program Files (x86)\Gateway\Gateway TouchPortal\YouCam\Avatar_Models\PIG\PIG.hdp</Elem>
<Elem Order="13">C:\Program Files (x86)\Gateway\Gateway TouchPortal\YouCam\Avatar_Models\Plaster\Plaster.hdp</Elem>
</RootTag>